{
    "erf": [
        -0.01730587,
        0.00825711,
        0.2594026,
        0.09858469,
        0.0804134,
        0.23838173,
        -0.06502815,
        0.13718437,
        0.13103136,
        -0.04194347,
        0.23694514,
        0.24003786,
        -0.20991941,
        -0.03709794,
        -0.01956967,
        0.25762767,
        -0.13156243,
        -0.03819971,
        -0.05140098,
        0.29710943,
        0.16581763,
        -0.23047498,
        0.02349442,
        0.01528843,
        0.18863663,
        0.01916664,
        -0.22723386,
        0.14071849,
        0.08125607,
        0.16074863,
        -0.06451531,
        0.09269677
    ],
    "custom": [
        -0.01730759,
        0.0082573,
        0.2654441,
        0.0989047,
        0.08058673,
        0.2430394,
        -0.06511969,
        0.13805142,
        0.13178615,
        -0.041968,
        0.24151713,
        0.24479565,
        -0.21307468,
        -0.03711491,
        -0.01957216,
        0.26354253,
        -0.13232648,
        -0.03821824,
        -0.05144615,
        0.30631006,
        0.16735694,
        -0.23467459,
        0.02349873,
        0.01528962,
        0.19091421,
        0.01916898,
        -0.23125502,
        0.14165485,
        0.08143492,
        0.16214961,
        -0.0646047,
        0.09296262
    ]
}
